feature,mean_abs_SHAP
rating,0.03268064628367623
price,0.005159859145432778
discount,0.00011827709095343801
